id,char,level,element,readings_on,readings_kun,meanings,strokes,tags,world,order,example_sentence,example_reading
n5_one_hitotsu,一,N5,MAGIC,イチ|イツ,ひと(つ),one,1,basic,1,1,__（いち）月一日,いち
n5_two_futatsu,二,N5,MAGIC,ニ,ふた(つ),two,2,basic,1,1,__（に）月,に
n5_seven_nanatsu,七,N5,MAGIC,シチ,なな(つ),seven,2,basic,1,1,__（しち）月,しち
n5_eight_yatsu,八,N5,MAGIC,ハチ,や(つ),eight,2,basic,1,1,__（はち）月,はち
n5_nine_kokonotsu,九,N5,MAGIC,キュウ|ク,ここの(つ),nine,2,basic,1,1,__（く）月,く
n5_ten_tou,十,N5,MAGIC,ジュウ,とお,ten,2,basic,1,2,__（じゅう）月,じゅう
n5_person_hito,人,N5,LIFE,ジン|ニン,ひと,person,2,basic,1,2,日本__（じん）,じん
n5_enter_hairu,入,N5,MAGIC,ニュウ,はい(る),enter,2,basic,1,2,__（い）り口,い
n5_three_mitsu,三,N5,MAGIC,サン,み(つ),three,3,basic,1,2,__（さん）月,さん
n5_river_kawa,川,N5,AQUA,セン,かわ,river,3,basic|nature,1,2,__（かわ）,かわ
n5_mountain_yama,山,N5,METAL,サン,やま,mountain,3,basic|nature,1,3,富__（さん）,さん
n5_mouth_kuchi,口,N5,LIFE,コウ|ク,くち,mouth,3,basic,1,3,__（くち）,くち
n5_earth_tsuchi,土,N5,METAL,ド|ト,つち,earth|soil,3,basic|nature,1,3,__（ど）曜日,ど
n5_woman_onna,女,N5,LIFE,ジョ|ニョ,おんな,woman,3,basic,1,3,__（おんな）の子,おんな
n5_child_ko,子,N5,LIFE,シ|ス,こ,child,3,basic,1,3,__（こ）ども,こ
n5_thousand_chi,千,N5,MAGIC,セン,ち,thousand,3,basic,2,1,__（せん）円,せん
n5_ten_thousand_yorozu,万,N5,MAGIC,マン,よろず,ten thousand,3,basic,2,1,一__（まん）円,まん
n5_upper_ue,上,N5,MAGIC,ジョウ,うえ|あ(げる),above|up,3,basic,2,1,__（うえ）,うえ
n5_lower_shita,下,N5,MAGIC,カ|ゲ,した|さ(げる),below|down,3,basic,2,1,__（した）,した
n5_big_ookii,大,N5,MAGIC,ダイ|タイ,おお(きい),big,3,basic,2,1,__（おお）きい,おお
n5_small_chiisai,小,N5,MAGIC,ショウ,ちい(さい)|こ,small,3,basic,2,2,__（ちい）さい,ちい
n5_evening_yuu,夕,N5,CHRONO,セキ,ゆう,evening,3,basic|time,2,2,__（ゆう）方,ゆう
n5_day_hi,日,N5,LIGHT,ニチ|ジツ,ひ|か,sun|day,4,basic|time,2,2,__（にち）曜日,にち
n5_month_tsuki,月,N5,LIGHT,ゲツ|ガツ,つき,moon|month,4,basic|time,2,2,__（げつ）曜日,げつ
n5_fire_hi,火,N5,FIRE,カ,ひ,fire,4,basic|nature,2,2,__（か）曜日,か
n5_water_mizu,水,N5,AQUA,スイ,みず,water,4,basic|nature,2,3,__（すい）曜日,すい
n5_tree_ki,木,N5,NATURE,モク|ボク,き,tree|wood,4,basic|nature,2,3,__（もく）曜日,もく
n5_father_chichi,父,N5,LIFE,フ,ちち,father,4,basic,2,3,お__（とう）さん,とう
n5_circle_marui,円,N5,METAL,エン,まる(い),yen|circle,4,basic|wealth,2,3,百__（えん）,えん
n5_book_hon,本,N5,MAGIC,ホン,もと,book|origin,5,basic,2,3,__（ほん）,ほん
n5_middle_naka,中,N5,MAGIC,チュウ,なか,middle|inside,4,basic,3,1,__（なか）,なか
n5_five_itsutsu,五,N5,MAGIC,ゴ,いつ(つ),five,4,basic,3,1,__（ご）月,ご
n5_six_mutsu,六,N5,MAGIC,ロク,む(つ),six,4,basic,3,1,__（ろく）月,ろく
n5_minute_fun,分,N5,CHRONO,ブン|フン,わ(ける),minute|part,4,basic|time,3,1,五__（ふん）,ふん
n5_noon_go,午,N5,CHRONO,ゴ,-,noon,4,basic|time,3,1,__（ご）前,ご
n5_now_ima,今,N5,CHRONO,コン,いま,now,4,basic|time,3,2,__（いま）,いま
n5_heavens_ten,天,N5,MAGIC,テン,あめ|あま,heaven,4,basic,3,2,__（てん）気,てん
n5_friend_tomo,友,N5,LIFE,ユウ,とも,friend,4,basic,3,2,__（とも）だち,とも
n5_life_ikiru,生,N5,LIFE,セイ|ショウ,い(きる)|う(む),life|birth,5,basic,3,2,先__（せい）,せい
n5_mother_haha,母,N5,LIFE,ボ,はは,mother,5,basic,3,2,お__（かあ）さん,かあ
n5_four_yotsu,四,N5,MAGIC,シ,よ(つ)|よん,four,5,basic,3,3,__（し）月,し
n5_left_hidari,左,N5,MAGIC,サ,ひだり,left,5,basic,3,3,__（ひだり）,ひだり
n5_right_migi,右,N5,MAGIC,ウ|ユウ,みぎ,right,5,basic,3,3,__（みぎ）,みぎ
n5_north_kita,北,N5,MAGIC,ホク,きた,north,5,basic,3,3,__（きた）,きた
n5_half_han,半,N5,MAGIC,ハン,なか(ば),half,5,basic,3,3,__（はん）分,はん
n5_eye_me,目,N5,LIFE,モク,め,eye,5,basic,4,1,__（め）,め
n5_outside_soto,外,N5,MAGIC,ガイ,そと,outside,5,basic,4,1,__（そと）,そと
n5_exit_deru,出,N5,MAGIC,シュツ,で(る),exit,5,basic,4,1,__（で）る,で
n5_white_shiro,白,N5,LIGHT,ハク,しろ,white,5,basic|time,4,1,__（しろ）い,しろ
n5_year_toshi,年,N5,CHRONO,ネン,とし,year,6,basic|time,4,1,来__（ねん）,ねん
n5_hundred_hyaku,百,N5,MAGIC,ヒャク,もも,hundred,6,basic,4,2,__（ひゃく）,ひゃく
n5_rest_yasumu,休,N5,MAGIC,キュウ,やす(む),rest,6,basic,4,2,__（やす）み,やす
n5_previous_saki,先,N5,CHRONO,セン,さき,previous|ahead,6,basic|time,4,2,__（せん）生,せん
n5_name_na,名,N5,MAGIC,メイ|ミョウ,な,name,6,basic,4,2,__（な）前,な
n5_spirit_ki,気,N5,MAGIC,キ,-,spirit|air,6,basic,4,2,__（き）分,き
n5_insect_mushi,虫,N5,LIFE,チュウ,むし,insect,6,basic,4,3,__（むし）,むし
n5_see_miru,見,N5,MAGIC,ケン,み(る),see,7,basic,4,3,__（み）る,み
n5_car_kuruma,車,N5,MAGIC,シャ,くるま,car,7,basic,4,3,__（くるま）,くるま
n5_every_mai,毎,N5,CHRONO,マイ,-,every,7,basic|time,4,3,__（まい）日,まい
n5_body_karada,体,N5,LIFE,タイ,からだ,body,7,basic,4,3,__（からだ）,からだ
n5_what_nani,何,N5,MAGIC,カ,なに,what,7,basic,5,1,__（なに）,なに
n5_come_kuru,来,N5,MAGIC,ライ,く(る),come,7,basic,5,1,__（く）る,く
n5_go_iku,行,N5,MAGIC,コウ|ギョウ,い(く),go,6,basic,5,1,__（い）く,い
n5_west_nishi,西,N5,MAGIC,セイ,にし,west,6,basic,5,1,__（にし）,にし
n5_gold_kin,金,N5,METAL,キン|コン,かね,gold|money,8,basic|wealth,5,1,__（きん）曜日,きん
n5_rain_ame,雨,N5,AQUA,ウ,あめ,rain,8,basic|nature,5,2,__（あめ）,あめ
n5_learn_manabu,学,N5,MAGIC,ガク,まな(ぶ),study|learn,8,education,5,2,__（がく）生,がく
n5_country_kuni,国,N5,MAGIC,コク,くに,country,8,basic,5,2,外__（こく）,こく
n5_east_higashi,東,N5,MAGIC,トウ,ひがし,east,8,basic,5,2,__（ひがし）,ひがし
n5_long_nagai,長,N5,MAGIC,チョウ,なが(い),long,8,basic,5,2,__（なが）い,なが
n5_eat_taberu,食,N5,LIFE,ショク,た(べる),eat,9,basic,5,3,__（た）べる,た
n5_south_minami,南,N5,MAGIC,ナン,みなみ,south,9,basic,5,3,__（みなみ）,みなみ
n5_before_mae,前,N5,CHRONO,ゼン,まえ,before,9,basic|time,5,3,__（まえ）,まえ
n5_after_ato,後,N5,CHRONO,ゴ|コウ,あと|うし(ろ),after,9,basic|time,5,3,__（あと）,あと
n5_time_toki,時,N5,CHRONO,ジ,とき,time,10,basic|time,5,3,__（じ）間,じ
n5_high_takai,高,N5,MAGIC,コウ,たか(い),high,10,basic,6,1,__（たか）い,たか
n5_school_kou,校,N5,MAGIC,コウ,-,school,10,education,6,1,学__（こう）,こう
n5_write_kaku,書,N5,MAGIC,ショ,か(く),write,10,basic,6,1,__（か）く,か
n5_talk_hanasu,話,N5,MAGIC,ワ,はな(す),talk,13,basic,6,1,__（はな）す,はな
n5_electricity_den,電,N5,LIGHT,デン,-,electricity,13,basic|time,6,1,__（でん）気,でん
n5_read_yomu,読,N5,MAGIC,ドク,よ(む),read,14,basic,6,2,__（よ）む,よ
n5_hear_kiku,聞,N5,LIFE,ブン|モン,き(く),hear,14,basic,6,2,__（き）く,き
n5_language_go,語,N5,MAGIC,ゴ,かた(る),language,14,basic,6,2,日本__（ご）,ご
n5_between_aida,間,N5,CHRONO,カン|ケン,あいだ|ま,interval|space,12,basic|time,6,2,時__（かん）,かん
n5_man_otoko,男,N5,LIFE,ダン|ナン,おとこ,man,7,basic,6,2,__（おとこ）,おとこ
n4_stop_tomaru,止,N4,MAGIC,シ,と(まる),stop,4,basic,1,1,,
n4_public_ooyake,公,N4,MAGIC,コウ,おおやけ,public,4,basic,1,1,,
n4_cut_kiru,切,N4,MAGIC,セツ,き(る),cut,4,basic,1,1,,
n4_not_fu,不,N4,MAGIC,フ,-,not,4,basic,1,1,,
n4_origin_moto,元,N4,MAGIC,ゲン|ガン,もと,origin,4,basic,1,1,,
n4_hand_te,手,N4,LIFE,シュ,て,hand,4,basic,1,2,,
n4_dog_inu,犬,N4,LIFE,ケン,いぬ,dog,4,basic,1,2,,
n4_cow_ushi,牛,N4,LIFE,ギュウ,うし,cow,4,basic,1,2,,
n4_heart_kokoro,心,N4,LIFE,シン,こころ,heart,4,basic,1,2,,
n4_use_mochiiru,用,N4,MAGIC,ヨウ,もち(いる),use,5,basic,1,2,,
n4_generation_dai,代,N4,MAGIC,ダイ,か(わり),generation,5,basic,1,3,,
n4_copy_utsusu,写,N4,MAGIC,シャ,うつ(す),copy,5,basic,1,3,,
n4_world_yo,世,N4,CHRONO,セイ,よ,world|generation,5,basic|time,1,3,,
n4_master_nushi,主,N4,MAGIC,シュ,ぬし,master,5,basic,1,3,,
n4_correct_tadashii,正,N4,MAGIC,セイ,ただ(しい),correct,5,basic,1,3,,
n4_winter_fuyu,冬,N4,CHRONO,トウ,ふゆ,winter,5,basic|time,2,1,,
n4_stand_tatsu,立,N4,MAGIC,リツ,た(つ),stand,5,basic,2,1,,
n4_go_out_deru,出,N4,MAGIC,シュツ,で(る),go out|put out,5,basic,2,1,,
n4_stone_ishi,石,N4,METAL,セキ,いし,stone,5,basic|wealth,2,1,,
n4_rice_field_ta,田,N4,NATURE,デン,た,rice field,5,basic|nature,2,1,,
n4_eye_me,目,N4,LIFE,モク,め,eye,5,basic,2,2,,
n4_brother_ani,兄,N4,LIFE,ケイ,あに,older brother,5,basic,2,2,,
n4_finish_shimau,仕,N4,MAGIC,シ|ジ,つか(える),attend|doing,5,basic,2,2,,
n4_market_ichi,市,N4,MAGIC,シ,いち,market|city,5,basic,2,2,,
n4_leave_saru,去,N4,MAGIC,キョ|コ,さ(る),gone|past,5,basic,2,2,,
n4_meet_au,会,N4,MAGIC,カイ,あ(う),meet,6,basic,2,3,,
n4_same_onaji,同,N4,MAGIC,ドウ,おな(じ),same,6,basic,2,3,,
n4_self_ji,自,N4,MAGIC,ジ|シ,みずか(ら),self,6,basic,2,3,,
n4_ground_chi,地,N4,METAL,チ|ジ,-,ground,6,basic|wealth,2,3,,
n4_color_iro,色,N4,LIGHT,ショク,いろ,color,6,basic|time,2,3,,
n4_examine_kou,考,N4,MAGIC,コウ,かんが(える),think,6,basic,3,1,,
n4_many_ooi,多,N4,MAGIC,タ,おお(い),many,6,basic,3,1,,
n4_have_aru,有,N4,MAGIC,ユウ,あ(る),have,6,basic,3,1,,
n4_dead_shinu,死,N4,LIFE,シ,し(ぬ),death,6,basic,3,1,,
n4_easy_yasui,安,N4,MAGIC,アン,やす(い),relax|cheap,6,basic,3,2,,
n4_early_hayai,早,N4,CHRONO,ソウ,はや(い),early,6,basic|time,3,2,,
n4_character_ji,字,N4,MAGIC,ジ,あざ,character,6,basic,3,2,,
n4_rest_yasumu,休,N4,MAGIC,キュウ,やす(む),rest,6,basic,3,2,,
n4_near_chikai,近,N4,MAGIC,キン,ちか(い),near,7,basic,3,2,,
n4_say_iu,言,N4,MAGIC,ゲン,い(う),say,7,basic,3,3,,
n4_make_tsukuru,作,N4,MAGIC,サク,つく(る),make,7,basic,3,3,,
n4_diagram_zu,図,N4,MAGIC,ズ|ト,はか(る),diagram,7,basic,3,3,,
n4_doctor_i,医,N4,LIFE,イ,-,doctor,7,basic,3,3,,
n4_sound_oto,音,N4,MAGIC,オン,おと,sound,9,basic,4,1,,
n4_hold_motsu,持,N4,MAGIC,ジ,も(つ),hold,9,basic,4,1,,
n4_build_ken,建,N4,MAGIC,ケン,た(てる),build,9,basic,4,1,,
n4_research_ken,研,N4,MAGIC,ケン,と(ぐ),sharpen,9,basic,4,1,,
n4_society_sha,社,N4,MAGIC,シャ,やしろ,company|society,7,basic,4,1,,
n4_private_watashi,私,N4,MAGIC,シ,わたし,private|I,7,basic,4,2,,
n4_town_machi,町,N4,MAGIC,チョウ,まち,town,7,basic,4,2,,
n4_distinct_betsu,別,N4,MAGIC,ベツ,わか(れる),separate,7,basic,4,2,,
n4_village_mura,村,N4,MAGIC,ソン,むら,village,7,basic,4,3,,
n4_red_aka,赤,N4,LIGHT,セキ,あか,red,7,basic|time,4,3,,
n4_run_hashiru,走,N4,MAGIC,ソウ,はし(る),run,7,basic,4,3,,
n4_foot_ashi,足,N4,LIFE,ソク,あし,foot|leg,7,basic,4,3,,
n4_flower_hana,花,N4,NATURE,カ,はな,flower,7,basic|nature,4,3,,
n4_sell_uru,売,N4,MAGIC,バイ,う(る),sell,7,basic,5,1,,
n4_bureau_kyoku,局,N4,MAGIC,キョク,-,bureau,7,basic,5,1,,
n4_matter_koto,事,N4,MAGIC,ジ,こと,matter,8,basic,5,2,,
n4_person_mono,者,N4,LIFE,シャ,もの,person,8,basic,5,2,,
n4_know_shiru,知,N4,MAGIC,チ,し(る),know,8,basic,5,2,,
n4_bright_akarui,明,N4,LIGHT,メイ,あか(るい),bright,8,basic|time,5,2,,
n4_thing_mono,物,N4,MAGIC,ブツ|モツ,もの,thing,8,basic,5,2,,
n4_use_tsukau,使,N4,MAGIC,シ,つか(う),use,8,basic,5,3,,
n4_picture_kaku,画,N4,MAGIC,ガ|カク,-,brush-stroke|picture,8,basic,5,3,,
n4_capital_kyou,京,N4,MAGIC,キョウ,みやこ,capital,8,basic,5,3,,
n4_night_yoru,夜,N4,CHRONO,ヤ,よる,night,8,basic|time,5,3,,
n4_sky_sora,空,N4,MAGIC,クウ,そら,sky|empty,8,basic,5,3,,
n4_walk_aruku,歩,N4,MAGIC,ホ,ある(く),walk,8,basic,6,1,,
n4_store_mise,店,N4,MAGIC,テン,みせ,shop,8,basic,6,1,,
n4_father_chichi,父,N4,LIFE,フ,ちち,father,8,basic,6,1,,
n4_long_nagai,長,N4,MAGIC,チョウ,なが(い),long,8,basic,6,1,,
n4_come_kuru,来,N4,MAGIC,ライ,く(る),come,8,basic,6,1,,
n4_gold_kin,金,N4,METAL,キン|コン,かね,gold|money,8,basic|wealth,6,2,,
n4_rain_ame,雨,N4,AQUA,ウ,あめ,rain,8,basic|nature,6,2,,
n4_open_hiraku,開,N4,MAGIC,カイ,ひら(く),open,12,basic,6,2,,
n4_wait_matsu,待,N4,MAGIC,タイ,ま(つ),wait,9,basic,6,2,,
n4_plan_hakaru,計,N4,MAGIC,ケイ,はか(る),plot|plan,9,basic,6,2,,
n4_institution_in,院,N4,MAGIC,イン,-,institution,10,basic,6,3,,
n4_send_okuru,送,N4,MAGIC,ソウ,おく(る),send,9,basic,6,3,,
n4_tribe_zoku,族,N4,MAGIC,ゾク,-,tribe|family,11,basic,6,3,,
n4_reflect_e,映,N4,LIGHT,エイ,うつ(る),reflect,9,basic|time,6,3,,
n4_sickness_yamai,病,N4,LIFE,ビョウ,やまい,ill|sick,10,basic,6,3,,
n4_quality_shitsu,質,N4,MAGIC,シツ|シチ,-,substance|quality,15,basic,7,1,,
n4_room_shitsu,室,N4,MAGIC,シツ,むろ,room,9,basic,7,1,,
n4_wind_kaze,風,N4,MAGIC,フウ,かぜ,wind,9,basic,7,1,,
n4_transport_hakobu,運,N4,MAGIC,ウン,はこ(ぶ),carry|luck,12,basic,7,1,,
n4_fee_ryou,料,N4,MAGIC,リョウ,-,fee|materials,10,basic,7,1,,
n4_music_tanoshii,楽,N4,MAGIC,ガク,たの(しい),music|comfort,13,basic,7,2,,
n4_return_kaeru,帰,N4,MAGIC,キ,かえ(る),return,10,basic,7,2,,
n4_bad_warui,悪,N4,MAGIC,アク,わる(い),bad,11,basic,7,2,,
n4_broad_hiroi,広,N4,MAGIC,コウ,ひろ(い),wide,5,basic,7,2,,
n4_dwell_sumu,住,N4,MAGIC,ジュウ,す(む),dwell,7,basic,7,2,,
n4_ancient_furui,古,N4,CHRONO,コ,ふる(い),old,5,basic|time,7,3,,
n4_commence_hajimeru,始,N4,CHRONO,シ,はじ(める),commence,8,basic|time,7,3,,
n4_end_owaru,終,N4,CHRONO,シュウ,お(わる),end,11,basic|time,7,3,,
n4_pedestal_dai,台,N4,MAGIC,ダイ|タイ,-,pedestal,5,basic,7,3,,
n4_can_beki,可,N4,MAGIC,カ,-,can|passable,5,basic,7,3,,
n4_turn_korobu,転,N4,MAGIC,テン,ころ(ぶ),revolve,11,basic,8,1,,
n4_craft_kou,工,N4,MAGIC,コウ,-,craft,3,basic,8,1,,
n4_hurry_isogu,急,N4,MAGIC,キュウ,いそ(ぐ),hurry,9,basic,8,1,,
n4_black_kuro,黒,N4,LIGHT,コク,くろ,black,11,basic|time,8,1,,
n4_english_ei,英,N4,MAGIC,エイ,-,english,8,basic,8,1,,
n4_blue_ao,青,N4,LIGHT,セイ,あお,blue,8,basic|time,8,2,,
n4_answer_tou,答,N4,MAGIC,トウ,こた(える),answer,12,basic,8,2,,
n4_paper_kami,紙,N4,NATURE,シ,かみ,paper,10,basic|nature,8,2,,
n4_song_uta,歌,N4,MAGIC,カ,うた,song,14,basic,8,2,,
n4_pour_sosogu,注,N4,MAGIC,チュウ,そそ(ぐ),pour,8,basic,8,2,,
n4_spring_haru,春,N4,CHRONO,シュン,はる,spring,9,basic|time,8,3,,
n4_building_kan,館,N4,MAGIC,カン,-,building,16,basic,8,3,,
n4_travel_tabi,旅,N4,MAGIC,リョ,たび,travel,10,basic,8,3,,
n4_verification_ken,験,N4,MAGIC,ケン,-,verification,18,basic,8,3,,
n4_research_ken,研,N4,MAGIC,ケン,と(ぐ),sharpen,9,basic,8,3,,
n4_drink_nomu,飲,N4,AQUA,イン,の(む),drink,12,basic|nature,9,1,,
n4_meat_niku,肉,N4,LIFE,ニク,-,meat,6,basic,9,1,,
n4_clothing_fuku,服,N4,MAGIC,フク,-,clothing,8,basic,9,1,,
n4_silver_gin,銀,N4,METAL,ギン,-,silver,14,basic|wealth,9,1,,
n4_tea_cha,茶,N4,AQUA,チャ|サ,-,tea,9,basic|nature,9,1,,
n4_research_kyuu,究,N4,MAGIC,キュウ,きわ(める),research,7,basic,9,2,,
n4_ocean_you,洋,N4,AQUA,ヨウ,-,ocean,9,basic|nature,9,2,,
n4_autumn_aki,秋,N4,CHRONO,シュウ,あき,autumn,9,basic|time,9,2,,
n4_hall_dou,堂,N4,MAGIC,ドウ,-,public chamber,11,basic,9,2,,
n4_week_shuu,週,N4,CHRONO,シュウ,-,week,11,basic|time,9,2,,
n4_learn_narau,習,N4,MAGIC,シュウ,なら(う),learn,11,education,9,3,,
n4_test_tamesu,試,N4,MAGIC,シ,ため(す),test,13,basic,9,3,,
n4_summer_natsu,夏,N4,CHRONO,カ,なつ,summer,10,basic|time,9,3,,
n4_younger_brother_otouto,弟,N4,LIFE,ダイ|テイ,おとうと,younger brother,7,basic,9,3,,
n4_bird_tori,鳥,N4,LIFE,チョウ,とり,bird,11,basic,9,3,,
n4_evening_yuu,夕,N4,CHRONO,セキ,ゆう,evening,3,basic|time,10,1,,
n4_fish_sakana,魚,N4,AQUA,ギョ,さかな,fish,11,basic|nature,10,1,,
n4_borrow_kariru,借,N4,MAGIC,シャク,か(りる),borrow,10,basic,10,1,,
n4_meal_meshi,飯,N4,LIFE,ハン,めし,meal,12,basic,10,1,,
n4_station_eki,駅,N4,MAGIC,エキ,-,station,14,basic,10,1,,
n4_daytime_hiru,昼,N4,CHRONO,チュウ,ひる,daytime,9,basic|time,10,2,,
n4_older_sister_ane,姉,N4,LIFE,シ,あね,older sister,8,basic,10,2,,
n4_weekday_you,曜,N4,CHRONO,ヨウ,-,weekday,18,basic|time,10,2,,
n4_sino_kan,漢,N4,MAGIC,カン,-,sino-,13,basic,10,2,,
n4_younger_sister_imouto,妹,N4,LIFE,マイ,いもうと,younger sister,8,basic,10,2,,
n4_lend_kasu,貸,N4,MAGIC,タイ,か(す),lend,12,basic,10,3,,
n4_exertion_ben,勉,N4,MAGIC,ベン,-,exertion,10,education,10,3,,
n4_target_teki,的,N4,MAGIC,テキ,まと,bullseye,8,basic,10,3,,
n4_location_ba,場,N4,MAGIC,ジョウ,ば,location,12,basic,10,3,,
n4_body_karada,体,N4,LIFE,タイ,からだ,body,7,basic,10,3,,
n4_move_ugoku,動,N4,MAGIC,ドウ,うご(く),move,11,basic,11,1,,
n4_logic_ri,理,N4,MAGIC,リ,-,logic,11,basic,11,1,,
n4_departure_hatsu,発,N4,MAGIC,ハツ,-,departure,9,basic,11,1,,
n4_new_atarashii,新,N4,CHRONO,シン,あたら(しい),new,13,basic|time,11,1,,
n4_degrees_do,度,N4,MAGIC,ド,たび,degrees,9,basic,11,1,,
n4_power_chikara,力,N4,MAGIC,リョク|リキ,ちから,power,2,basic,11,2,,
n4_idea_i,意,N4,MAGIC,イ,-,idea,13,basic,11,2,,
n4_traffic_tsuu,通,N4,MAGIC,ツウ,とお(る),traffic,10,basic,11,2,,
n4_sentence_bun,文,N4,MAGIC,ブン|モン,ふみ,sentence,4,basic,11,2,,
n4_roof_ya,屋,N4,MAGIC,オク,や,roof,9,basic,11,2,,
n4_business_waza,業,N4,MAGIC,ギョウ,わざ,business,13,basic,11,3,,
n4_road_michi,道,N4,MAGIC,ドウ,みち,road|way,12,basic,11,3,,
n4_somebody_mi,身,N4,LIFE,シン,み,somebody,7,basic,11,3,,
n4_mouth_kuchi,口,N4,LIFE,コウ|ク,くち,mouth,3,basic,11,3,,
n4_plains_no,野,N4,NATURE,ヤ,の,plains,11,basic|nature,11,3,,
n4_teach_oshieru,教,N4,MAGIC,キョウ,おし(える),teach,11,education,12,1,,
n4_by_means_of_i,以,N4,MAGIC,イ,-,by means of,5,basic,12,1,,
n4_question_tou,問,N4,MAGIC,モン,と(う),question,11,basic,12,1,,
n4_true_shin,真,N4,MAGIC,シン,ま,true,10,basic,12,1,,
n4_flavor_aji,味,N4,MAGIC,ミ,あじ,flavor,8,basic,12,1,,
n4_world_kai,界,N4,MAGIC,カイ,-,world,9,basic,12,2,,
n4_nothingness_mu,無,N4,MAGIC,ム,な(い),nothingness,12,basic,12,2,,
n4_few_sukunai,少,N4,MAGIC,ショウ,すく(ない),few,4,basic,12,2,,
n4_sea_umi,海,N4,AQUA,カイ,うみ,sea,9,basic|nature,12,2,,
n4_heavy_omoi,重,N4,MAGIC,ジュウ,おも(い),heavy,9,basic,12,2,,
n4_gather_atsumaru,集,N4,MAGIC,シュウ,あつ(まる),gather,12,basic,12,3,,
n4_employee_in,員,N4,MAGIC,イン,-,employee,10,basic,12,3,,
n4_peace_yasui,安,N4,MAGIC,アン,やす(い),relax|cheap,6,basic,12,3,,
n4_parent_oya,親,N4,LIFE,シン,おや,parent,16,basic,12,3,,
n4_strong_tsuyoi,強,N4,MAGIC,キョウ,つよ(い),strong,11,basic,12,3,,
n4_morning_asa,朝,N4,CHRONO,チョウ,あさ,morning,12,basic|time,13,1,,
n4_topic_dai,題,N4,MAGIC,ダイ,-,topic,18,basic,13,1,,
n4_goods_shina,品,N4,MAGIC,ヒン,しな,goods,9,basic,13,1,,
n4_don_kiru,着,N4,MAGIC,チャク,き(る),don,12,basic,13,1,,
n4_origin_moto,元,N4,MAGIC,ゲン|ガン,もと,origin,4,basic,13,1,,
n4_special_toku,特,N4,MAGIC,トク,-,special,10,basic,13,2,,
n4_buy_kau,買,N4,MAGIC,バイ,か(う),buy,12,basic,13,2,,
n4_family_zoku,族,N4,MAGIC,ゾク,-,tribe|family,11,basic,13,2,,
n3_fit_au,合,N3,MAGIC,ゴウ,あ(う),fit,6,basic,-14,1,,
n3_section_bu,部,N3,MAGIC,ブ,-,section,11,basic,-14,1,,
n3_he_kare,彼,N3,LIFE,ヒ,かれ,he,8,basic,-14,2,,
n3_inside_uchi,内,N3,MAGIC,ナイ,うち,inside,4,basic,-14,2,,
n3_reality_mi,実,N3,NATURE,ジツ,み,reality|fruit,8,basic|nature,-14,2,,
n3_hit_ataru,当,N3,MAGIC,トウ,あ(たる),hit,6,basic,-14,2,,
n3_war_tatakau,戦,N3,MAGIC,セン,たたか(う),war,13,basic,-14,2,,
n3_sex_sei,性,N3,MAGIC,セイ,-,sex|nature,8,basic,-14,3,,
n3_vis_a_vis_tai,対,N3,MAGIC,タイ,-,vis-a-vis,7,basic,-14,3,,
n3_connection_seki,関,N3,MAGIC,カン,せき,connection,14,basic,-14,3,,
n3_emotion_kan,感,N3,MAGIC,カン,-,emotion,13,basic,-14,3,,
n3_determine_sadameru,定,N3,MAGIC,テイ,さだ(める),determine,8,basic,-14,3,,
n3_politics_matsurigoto,政,N3,MAGIC,セイ,まつりごと,politics,9,basic,-13,1,,
n3_take_toru,取,N3,MAGIC,シュ,と(る),take,8,basic,-13,1,,
n3_place_tokoro,所,N3,MAGIC,ショ,ところ,place,8,basic,-13,1,,
n3_present_arawareru,現,N3,MAGIC,ゲン,あらわ(れる),present,11,basic,-13,1,,
n3_utmost_motto,最,N3,MAGIC,サイ,もっと(も),utmost,12,basic,-13,1,,
n3_change_bakeru,化,N3,MAGIC,カ,ば(ける),change,4,basic,-13,2,,
n3_people_tami,民,N3,LIFE,ミン,たみ,people,5,basic,-13,2,,
n3_inter_ai,相,N3,MAGIC,ソウ,あい,inter-,9,basic,-13,2,,
n3_method_hou,法,N3,MAGIC,ホウ,-,method,8,basic,-13,2,,
n3_whole_subete,全,N3,MAGIC,ゼン,すべ(て),whole,6,basic,-13,2,,
n3_feelings_nasake,情,N3,MAGIC,ジョウ,なさ(け),feelings,11,basic,-13,3,,
n3_yonder_muku,向,N3,LIFE,コウ,む(く),yonder,6,basic,-13,3,,
n3_even_taira,平,N3,MAGIC,ヘイ,たい(ら),even,5,basic,-13,3,,
n3_turn_into_naru,成,N3,MAGIC,セイ,な(る),turn into,6,basic,-13,3,,
n3_sutra_kei,経,N3,MAGIC,ケイ,へ(る),sutra,11,basic,-13,3,,
n3_faith_shin,信,N3,MAGIC,シン,-,faith,9,basic,-12,1,,
n3_mask_omo,面,N3,LIFE,メン,おも,mask|face,9,basic,-12,1,,
n3_take_along_tsuranaru,連,N3,MAGIC,レン,つら(なる),take along,10,basic,-12,1,,
n3_original_hara,原,N3,MAGIC,ゲン,はら,original,10,basic,-12,1,,
n3_face_kao,顔,N3,LIFE,ガン,かお,face,18,basic,-12,1,,
n3_loom_hata,機,N3,MAGIC,キ,はた,loom,16,basic,-12,2,,
n3_next_tsugi,次,N3,CHRONO,ジ,つぎ,next,6,basic|time,-12,2,,
n3_number_kazu,数,N3,MAGIC,スウ,かず,number,13,basic,-12,2,,
n3_beauty_utsukushii,美,N3,MAGIC,ビ,うつく(しい),beauty,9,basic,-12,2,,
n3_times_mawaru,回,N3,MAGIC,カイ,まわ(る),-times,6,basic,-12,2,,
n3_surface_omote,表,N3,MAGIC,ヒョウ,おもて,surface,8,basic,-12,3,,
n3_voice_koe,声,N3,LIFE,セイ,こえ,voice,7,basic,-12,3,,
n3_report_mukuiru,報,N3,MAGIC,ホウ,むく(いる),report,12,basic,-12,3,,
n3_need_iru,要,N3,MAGIC,ヨウ,い(る),need,9,basic,-12,3,,
n3_unusual_kawaru,変,N3,MAGIC,ヘン,か(わる),unusual,9,basic,-12,3,,
n3_gods_kami,神,N3,MAGIC,シン|ジン,かみ,gods,9,basic,-11,1,,
n3_scribe_shirusu,記,N3,MAGIC,キ,しる(す),scribe,10,basic,-11,1,,
n3_harmony_yawaragu,和,N3,MAGIC,ワ,やわ(らぐ),harmony,8,basic,-11,1,,
n3_pull_hiku,引,N3,MAGIC,イン,ひ(く),pull,4,basic,-11,1,,
n3_reign_osameru,治,N3,MAGIC,ジ,おさ(める),reign,8,basic,-11,1,,
n3_decide_kimeru,決,N3,MAGIC,ケツ,き(める),decide,7,basic,-11,2,,
n3_plump_futoi,太,N3,MAGIC,タイ,ふと(い),plump,4,basic,-11,2,,
n3_crowded_komu,込,N3,MAGIC,-,こ(む),crowded,5,basic,-11,2,,
n3_accept_ukeru,受,N3,MAGIC,ジュ,う(ける),accept,8,basic,-11,2,,
n3_unravel_toku,解,N3,MAGIC,カイ,と(く),unravel,13,basic,-11,2,,
n3_market_ichi,市,N3,MAGIC,シ,いち,market|city,5,basic,-11,3,,
n3_period_ki,期,N3,CHRONO,キ,-,period,12,basic|time,-11,3,,
n3_esquire_sama,様,N3,MAGIC,ヨウ,さま,esquire,14,basic,-11,3,,
n3_lively_katsu,活,N3,MAGIC,カツ,-,lively,9,basic,-11,3,,
n3_head_atama,頭,N3,LIFE,トウ,あたま,head,16,basic,-11,3,,
n3_association_kumi,組,N3,MAGIC,ソ,くみ,association,11,basic,-10,1,,
n3_finger_yubi,指,N3,LIFE,シ,ゆび,finger,9,basic,-10,1,,
n3_rumor_toku,説,N3,MAGIC,セツ,と(く),rumor,14,basic,-10,1,,
n3_ability_nou,能,N3,MAGIC,ノウ,-,ability,10,basic,-10,1,,
n3_leaf_ha,葉,N3,NATURE,ヨウ,は,leaf,12,basic|nature,-10,1,,
n3_current_nagareru,流,N3,AQUA,リュウ,なが(れる),current,10,basic|nature,-10,2,,
n3_sort_of_thing_zen,然,N3,MAGIC,ゼン,-,sort of thing,12,basic,-10,2,,
n3_first_time_hajime,初,N3,CHRONO,ショ,はじ(め),first time,7,basic|time,-10,2,,
n3_exist_aru,在,N3,MAGIC,ザイ,あ(る),exist,6,basic,-10,2,,
n3_tune_shiraberu,調,N3,MAGIC,チョウ,しら(べる),tune,15,basic,-10,2,,
n3_laugh_warau,笑,N3,LIFE,ショウ,わら(う),laugh,10,basic,-10,3,,
n3_deliberation_gi,議,N3,MAGIC,ギ,-,deliberation,20,basic,-10,3,,
n3_straightaway_naosu,直,N3,MAGIC,チョク,なお(す),straightaway,8,basic,-10,3,,
n3_husband_otto,夫,N3,LIFE,フ,おっと,husband,4,basic,-10,3,,
n3_elect_erabu,選,N3,MAGIC,セン,えら(ぶ),elect,15,basic,-10,3,,
n3_authority_ken,権,N3,MAGIC,ケン,-,authority,15,basic,-9,1,,
n3_profit_kiku,利,N3,MAGIC,リ,き(く),profit,7,basic,-9,1,,
n3_system_sei,制,N3,MAGIC,セイ,-,system,8,basic,-9,1,,
n3_continue_tsuzuku,続,N3,MAGIC,ゾク,つづ(く),continue,13,basic,-9,1,,
n3_stone_ishi,石,N3,METAL,セキ,いし,stone,5,basic|wealth,-9,1,,
n3_advance_susumu,進,N3,MAGIC,シン,すす(む),advance,11,basic,-9,2,,
n3_transmit_tsutaeru,伝,N3,MAGIC,デン,つた(える),transmit,6,basic,-9,2,,
n3_add_kuwaeru,加,N3,MAGIC,カ,くわ(える),add,5,basic,-9,2,,
n3_help_tasukeru,助,N3,MAGIC,ジョ,たす(ける),help,7,basic,-9,2,,
n3_spot_ten,点,N3,MAGIC,テン,-,spot,9,basic,-9,2,,
n3_products_umu,産,N3,LIFE,サン,う(む),products,11,basic,-9,3,,
n3_task_tsutomeru,務,N3,MAGIC,ム,つと(める),task,11,basic,-9,3,,
n3_matter_kudan,件,N3,MAGIC,ケン,くだん,matter,6,basic,-9,3,,
n3_fate_inochi,命,N3,LIFE,メイ,いのち,fate,8,basic,-9,3,,
n3_turn_ban,番,N3,MAGIC,バン,-,turn,12,basic,-9,3,,
n3_fall_ochiru,落,N3,MAGIC,ラク,お(ちる),fall,12,basic,-8,1,,
n3_adhere_tsuku,付,N3,MAGIC,フ,つ(く),adhere,5,basic,-8,1,,
n3_gain_eru,得,N3,MAGIC,トク,え(る),gain,11,basic,-8,1,,
n3_fond_suki,好,N3,MAGIC,コウ,す(き),fond,6,basic,-8,1,,
n3_difference_chigau,違,N3,MAGIC,イ,ちが(う),difference,13,basic,-8,1,,
n3_kill_korosu,殺,N3,LIFE,サツ,ころ(す),kill,10,basic,-8,2,,
n3_placement_oku,置,N3,MAGIC,チ,お(く),placement,13,basic,-8,2,,
n3_return_kaesu,返,N3,MAGIC,ヘン,かえ(す),return,7,basic,-8,2,,
n3_argument_ron,論,N3,MAGIC,ロン,-,argument,15,basic,-8,2,,
n3_occasion_kiwa,際,N3,CHRONO,サイ,きわ,occasion,14,basic|time,-8,2,,
n3_year_end_sei,歳,N3,CHRONO,サイ,せい,year-end,13,basic|time,-8,3,,
n3_anti_soru,反,N3,MAGIC,ハン,そ(る),anti-,4,basic,-8,3,,
n3_shape_katachi,形,N3,MAGIC,ケイ,かたち,shape,7,basic,-8,3,,
n3_ray_hikari,光,N3,LIGHT,コウ,ひかり,ray,6,basic|time,-8,3,,
n3_neck_kubi,首,N3,LIFE,シュ,くび,neck,9,basic,-8,3,,
n3_victory_katsu,勝,N3,MAGIC,ショウ,か(つ),victory,12,basic,-7,1,,
n3_invariably_kanarazu,必,N3,MAGIC,ヒツ,かなら(ず),invariably,5,basic,-7,1,,
n3_person_in_charge_kakaru,係,N3,MAGIC,ケイ,かか(る),person in charge,9,basic,-7,1,,
n3_wherefore_yoshi,由,N3,MAGIC,ユウ,よし,wherefore,5,basic,-7,1,,
n3_love_ai,愛,N3,MAGIC,アイ,-,love,13,basic,-7,1,,
n3_metropolis_miyako,都,N3,MAGIC,ト,みやこ,metropolis,11,basic,-7,2,,
n3_set_free_hanasu,放,N3,MAGIC,ホウ,はな(す),set free,8,basic,-7,2,,
n3_assurance_tashika,確,N3,MAGIC,カク,たし(か),assurance,15,basic,-7,2,,
n3_overdo_sugiru,過,N3,MAGIC,カ,す(ぎる),overdo,12,basic,-7,2,,
n3_promise_yaku,約,N3,MAGIC,ヤク,-,promise,9,basic,-7,2,,
n3_horse_uma,馬,N3,LIFE,バ,うま,horse,10,basic,-7,3,,
n3_status_jou,状,N3,MAGIC,ジョウ,-,status,7,basic,-7,3,,
n3_concept_omou,想,N3,MAGIC,ソウ,おも(う),concept,13,basic,-7,3,,
n3_bureaucrat_kan,官,N3,MAGIC,カン,-,bureaucrat,8,basic,-7,3,,
n3_mingle_majiwaru,交,N3,MAGIC,コウ,まじ(わる),mingle,6,basic,-7,3,,
n3_rice_kome,米,N3,NATURE,ベイ,こめ,rice,6,basic|nature,-6,1,,
n3_distribute_kubaru,配,N3,MAGIC,ハイ,くば(る),distribute,10,basic,-6,1,,
n3_young_wakai,若,N3,CHRONO,ジャク,わか(い),young,8,basic|time,-6,1,,
n3_assets_shi,資,N3,MAGIC,シ,-,assets,13,basic,-6,1,,
n3_usual_tsune,常,N3,MAGIC,ジョウ,つね,usual,11,basic,-6,1,,
n3_fruit_hatasu,果,N3,NATURE,カ,は(たす),fruit,8,basic|nature,-6,2,,
n3_call_yobu,呼,N3,MAGIC,コ,よ(ぶ),call,8,basic,-6,2,,
n3_together_tomo,共,N3,MAGIC,キョウ,とも,together,6,basic,-6,2,,
n3_remainder_nokoru,残,N3,MAGIC,ザン,のこ(る),remainder,10,basic,-6,2,,
n3_judgement_han,判,N3,MAGIC,ハン,-,judgement,7,basic,-6,2,,
n3_duty_yaku,役,N3,MAGIC,ヤク,-,duty,7,basic,-6,3,,
n3_other_hoka,他,N3,MAGIC,タ,ほか,other,5,basic,-6,3,,
n3_art_jutsu,術,N3,MAGIC,ジュツ,-,art,11,basic,-6,3,,
n3_branch_sasaeru,支,N3,MAGIC,シ,ささ(える),branch,4,basic,-6,3,,
n3_both_ryou,両,N3,MAGIC,リョウ,-,both,6,basic,-6,3,,
n3_ride_noru,乗,N3,MAGIC,ジョウ,の(る),ride,9,basic,-5,1,,
n3_finish_sumu,済,N3,MAGIC,サイ,す(む),finish,11,basic,-5,1,,
n3_submit_sonaeru,供,N3,MAGIC,キョウ,そな(える),submit,8,basic,-5,1,,
n3_status_kaku,格,N3,MAGIC,カク,-,status,10,basic,-5,1,,
n3_strike_utsu,打,N3,MAGIC,ダ,う(つ),strike,5,basic,-5,1,,
n3_honorable_on,御,N3,MAGIC,ギョ,おん,honorable,12,basic,-5,2,,
n3_severance_kotowaru,断,N3,MAGIC,ダン,ことわ(る),severance,11,basic,-5,2,,
n3_style_shiki,式,N3,MAGIC,シキ,-,style,6,basic,-5,2,,
n3_expert_shi,師,N3,MAGIC,シ,-,expert,10,basic,-5,2,,
n3_revelation_tsugeru,告,N3,MAGIC,コク,つ(げる),revelation,7,basic,-5,2,,
n3_deep_fukai,深,N3,MAGIC,シン,ふか(い),deep,11,basic,-5,3,,
n3_exist_son,存,N3,MAGIC,ソン,-,exist,6,basic,-5,3,,
n3_contend_arasou,争,N3,MAGIC,ソウ,あらそ(う),contend,6,basic,-5,3,,
n3_memorize_oboeru,覚,N3,MAGIC,カク,おぼ(える),memorize,12,basic,-5,3,,
n3_side_kawa,側,N3,MAGIC,ソク,かわ,side,11,basic,-5,3,,
n3_fly_tobu,飛,N3,MAGIC,ヒ,と(ぶ),fly,9,basic,-4,1,,
n3_nonplussed_mairu,参,N3,MAGIC,サン,まい(る),nonplussed,8,basic,-4,1,,
n3_stab_tsuku,突,N3,MAGIC,トツ,つ(く),stab,8,basic,-4,1,,
n3_contain_you,容,N3,MAGIC,ヨウ,-,contain,10,basic,-4,1,,
n3_bring_up_sodatsu,育,N3,LIFE,イク,そだ(つ),bring up,8,basic,-4,1,,
n3_posture_kamaeru,構,N3,MAGIC,コウ,かま(える),posture,14,basic,-4,2,,
n3_acknowledge_mitomeru,認,N3,MAGIC,ニン,みと(める),acknowledge,14,basic,-4,2,,
n3_rank_kurai,位,N3,MAGIC,イ,くらい,rank,7,basic,-4,2,,
n3_accomplished_tachi,達,N3,MAGIC,タツ,たち,accomplished,12,basic,-4,2,,
n3_guard_mamoru,守,N3,MAGIC,シュ,まも(る),guard,6,basic,-4,2,,
n3_full_michiru,満,N3,MAGIC,マン,み(ちる),full,12,basic,-4,3,,
n3_extinguish_kieru,消,N3,MAGIC,ショウ,き(える),extinguish,10,basic,-4,3,,
n3_responsibility_makaseru,任,N3,MAGIC,ニン,まか(せる),responsibility,6,basic,-4,3,,
n3_reside_iru,居,N3,MAGIC,キョ,い(る),reside,8,basic,-4,3,,
n3_beforehand_arakajime,予,N3,CHRONO,ヨ,あらかじ(め),beforehand,4,basic|time,-4,3,,
n3_path_ji,路,N3,MAGIC,ロ,じ,path,13,basic,-3,1,,
n3_squat_suwaru,座,N3,MAGIC,ザ,すわ(る),squat,10,basic,-3,1,,
n3_guest_kyaku,客,N3,MAGIC,キャク,-,guest,9,basic,-3,1,,
n3_ship_fune,船,N3,MAGIC,セン,ふね,ship,11,basic,-3,1,,
n3_chase_ou,追,N3,MAGIC,ツイ,お(う),chase,9,basic,-3,1,,
n3_stature_se,背,N3,LIFE,ハイ,せ,stature,9,basic,-3,2,,
n3_outlook_kan,観,N3,MAGIC,カン,-,outlook,18,basic,-3,2,,
n3_who_dare,誰,N3,LIFE,スイ,だれ,who,15,basic,-3,2,,
n3_breath_iki,息,N3,LIFE,ソク,いき,breath,10,basic,-3,2,,
n3_lose_ushinau,失,N3,MAGIC,シツ,うしな(う),lose,5,basic,-3,2,,
n3_old_man_oi,老,N3,CHRONO,ロウ,お(い),old man,6,basic|time,-3,3,,
n3_good_yoi,良,N3,MAGIC,リョウ,よ(い),good,7,basic,-3,3,,
n3_show_shimesu,示,N3,MAGIC,ジ,しめ(す),show,5,basic,-3,3,,
n3_nickname_gou,号,N3,MAGIC,ゴウ,-,nickname,5,basic,-3,3,,
n3_post_shoku,職,N3,MAGIC,ショク,-,post,18,basic,-3,3,,
n3_king_ou,王,N3,MAGIC,オウ,-,king,4,basic,-2,1,,
n3_discriminating_shiki,識,N3,MAGIC,シキ,-,discriminating,19,basic,-2,1,,
n3_guard_kei,警,N3,MAGIC,ケイ,-,guard,19,basic,-2,1,,
n3_tenderness_yasashii,優,N3,MAGIC,ユウ,やさ(しい),tenderness,17,basic,-2,1,,
n3_throw_nageru,投,N3,MAGIC,トウ,な(げる),throw,7,basic,-2,1,,
n3_bureau_kyoku,局,N3,MAGIC,キョク,-,bureau,7,basic,-2,2,,
n3_difficult_muzukashii,難,N3,MAGIC,ナン,むずか(しい),difficult,18,basic,-2,2,,
n3_species_tane,種,N3,MAGIC,シュ,たね,species,14,basic,-2,2,,
n3_wish_nen,念,N3,MAGIC,ネン,-,wish,8,basic,-2,2,,
n3_draw_near_yoru,寄,N3,MAGIC,キ,よ(る),draw near,11,basic,-2,2,,
n3_make_a_deal_akinau,商,N3,MAGIC,ショウ,あきな(う),make a deal,11,basic,-2,3,,
n3_harm_gai,害,N3,MAGIC,ガイ,-,harm,10,basic,-2,3,,
n3_trust_tanomu,頼,N3,MAGIC,ライ,たの(む),trust,16,basic,-2,3,,
n3_sideways_yoko,横,N3,MAGIC,オウ,よこ,sideways,15,basic,-2,3,,
n3_increase_masu,増,N3,MAGIC,ゾウ,ま(す),increase,14,basic,-2,3,,
n3_distinction_sasu,差,N3,MAGIC,サ,さ(す),distinction,10,basic,-1,1,,
n3_suffering_kurushii,苦,N3,MAGIC,ク,くる(しい),suffering,8,basic,-1,1,,
n3_income_osameru,収,N3,MAGIC,シュウ,おさ(める),income,4,basic,-1,1,,
n3_grade_dan,段,N3,MAGIC,ダン,-,grade,9,basic,-1,1,,
n3_i_ore,俺,N3,LIFE,-,おれ,I,10,basic,-1,1,,
n3_transit_wataru,渡,N3,MAGIC,ト,わた(る),transit,12,basic,-1,2,,
n3_give_ataeru,与,N3,MAGIC,ヨ,あた(える),give,3,basic,-1,2,,
n3_performance_en,演,N3,MAGIC,エン,-,performance,14,basic,-1,2,,
n3_equip_sonaeru,備,N3,MAGIC,ビ,そな(える),equip,12,basic,-1,2,,
n3_have_the_honor_to_mousu,申,N3,MAGIC,シン,もう(す),have the honor to,5,basic,-1,2,,
n3_example_tatoeru,例,N3,MAGIC,レイ,たと(える),example,8,basic,-1,3,,
n3_work_hataraku,働,N3,MAGIC,ドウ,はたら(く),work,13,basic,-1,3,,
n3_scenery_kei,景,N3,NATURE,ケイ,-,scenery,12,basic|nature,-1,3,,
n3_slip_out_nuku,抜,N3,MAGIC,バツ,ぬ(く),slip out,7,basic,-1,3,,
n3_distant_tooi,遠,N3,MAGIC,エン,とお(い),distant,13,basic,-1,3,,
n3_discontinue_taeru,絶,N3,MAGIC,ゼツ,た(える),discontinue,12,basic,0,1,,
n3_defeat_makeru,負,N3,MAGIC,フ,ま(ける),defeat,9,basic,0,1,,
n3_blessing_fuku,福,N3,MAGIC,フク,-,blessing,13,basic,0,1,,
n3_ball_tama,球,N3,MAGIC,キュウ,たま,ball,11,basic,0,1,,
n3_sake_sake,酒,N3,AQUA,シュ,さけ,sake,10,basic|nature,0,1,,
n3_old_boy_kimi,君,N3,LIFE,クン,きみ,old boy,7,basic,0,2,,
n3_guess_sassuru,察,N3,MAGIC,サツ,さっ(する),guess,14,basic,0,2,,
n3_ambition_nozomu,望,N3,MAGIC,ボウ,のぞ(む),ambition,11,basic,0,2,,
n3_marriage_kon,婚,N3,MAGIC,コン,-,marriage,11,basic,0,2,,
n3_simple_tan,単,N3,MAGIC,タン,-,simple,9,basic,0,2,,
n3_push_osu,押,N3,MAGIC,オウ,お(す),push,8,basic,0,3,,
n3_proportion_waru,割,N3,MAGIC,カツ,わ(る),proportion,12,basic,0,3,,
n3_limit_kagiru,限,N3,MAGIC,ゲン,かぎ(る),limit,9,basic,0,3,,
n3_return_modoru,戻,N3,MAGIC,レイ,もど(る),return,7,basic,0,3,,
n3_department_ka,科,N3,MAGIC,カ,-,department,9,basic,0,3,,
n3_request_motomeru,求,N3,MAGIC,キュウ,もと(める),request,7,basic,1,1,,
n3_discuss_dan,談,N3,MAGIC,ダン,-,discuss,15,basic,1,1,,
n3_descend_oriru,降,N3,MAGIC,コウ,お(りる),descend,10,basic,1,1,,
n3_wife_tsuma,妻,N3,LIFE,サイ,つま,wife,8,basic,1,1,,
n3_mount_oka,岡,N3,METAL,コウ,おか,mount,8,basic|nature,1,1,,
n3_heat_atsui,熱,N3,FIRE,ネツ,あつ(い),heat,15,basic|nature,1,2,,
n3_floating_uku,浮,N3,MAGIC,フ,う(く),floating,10,basic,1,2,,
n3_etc_hitoshii,等,N3,MAGIC,トウ,ひと(しい),etc.,12,basic,1,2,,
n3_end_sue,末,N3,CHRONO,マツ,すえ,end,5,basic|time,1,2,,
n3_happiness_saiwai,幸,N3,MAGIC,コウ,さいわ(い),happiness,8,basic,1,2,,
n3_grass_kusa,草,N3,NATURE,ソウ,くさ,grass,9,basic|nature,1,3,,
n3_surpass_kosu,越,N3,MAGIC,エツ,こ(す),surpass,12,basic,1,3,,
n3_ascend_noboru,登,N3,MAGIC,トウ,のぼ(る),ascend,12,basic,1,3,,
n3_sort_tagui,類,N3,MAGIC,ルイ,たぐ(い),sort,18,basic,1,3,,
n3_un_imada,未,N3,MAGIC,ミ,いま(だ),un-,5,basic,1,3,,
n3_standard_ki,規,N3,MAGIC,キ,-,standard,11,basic,2,1,,
n3_refined_sei,精,N3,MAGIC,セイ,-,refined,14,basic,2,1,,
n3_embrace_daku,抱,N3,MAGIC,ホウ,だ(く),embrace,8,basic,2,1,,
n3_labor_rou,労,N3,MAGIC,ロウ,-,labor,7,basic,2,1,,
n3_dispose_sho,処,N3,MAGIC,ショ,-,dispose,5,basic,2,1,,
n3_retreat_shirizoku,退,N3,MAGIC,タイ,しりぞ(く),retreat,9,basic,2,2,,
n3_expense_tsuiyasu,費,N3,MAGIC,ヒ,つい(やす),expense,12,basic,2,2,,
n3_un_arazu,非,N3,MAGIC,ヒ,あら(ず),un-,8,basic,2,2,,
n3_rejoice_yorokobu,喜,N3,MAGIC,キ,よろこ(ぶ),rejoice,12,basic,2,2,,
n3_daughter_musume,娘,N3,LIFE,ジョウ,むすめ,daughter,10,basic,2,2,,
n3_escape_nigeru,逃,N3,MAGIC,トウ,に(げる),escape,9,basic,2,3,,
n3_grope_sagasu,探,N3,MAGIC,タン,さが(す),grope,11,basic,2,3,,
n3_crime_okasu,犯,N3,MAGIC,ハン,おか(す),crime,5,basic,2,3,,
n3_medicine_kusuri,薬,N3,NATURE,ヤク,くすり,medicine,16,basic|nature,2,3,,
n3_park_sono,園,N3,NATURE,エン,その,park,13,basic|nature,2,3,,
n3_doubt_utagau,疑,N3,MAGIC,ギ,うたが(う),doubt,14,basic,3,1,,
n3_cord_o,緒,N3,MAGIC,ショ,お,cord,14,basic,3,1,,
n3_quiet_shizuka,静,N3,MAGIC,セイ,しず(か),quiet,14,basic,3,1,,
n3_tool_gu,具,N3,MAGIC,グ,-,tool,8,basic,3,1,,
n3_seat_seki,席,N3,MAGIC,セキ,-,seat,10,basic,3,1,,
n3_quick_hayai,速,N3,CHRONO,ソク,はや(い),quick,10,basic|time,3,2,,
n3_dance_mau,舞,N3,MAGIC,ブ,ま(う),dance,15,basic,3,2,,
n3_inn_yado,宿,N3,MAGIC,シュク,やど,inn,11,basic,3,2,,
n3_extent_hodo,程,N3,MAGIC,テイ,ほど,extent,12,basic,3,2,,
n3_overthrow_taoreru,倒,N3,MAGIC,トウ,たお(れる),overthrow,10,basic,3,2,,
n3_lie_down_neru,寝,N3,MAGIC,シン,ね(る),lie down,13,basic,3,3,,
n3_home_taku,宅,N3,MAGIC,タク,-,home,6,basic,3,3,,
n3_picture_e,絵,N3,MAGIC,カイ,え,picture,12,basic,3,3,,
n3_rend_yaburu,破,N3,MAGIC,ハ,やぶ(る),rend,10,basic,3,3,,
n3_courtyard_niwa,庭,N3,NATURE,テイ,にわ,courtyard,10,basic|nature,3,3,,
n3_lady_fu,婦,N3,LIFE,フ,-,lady,11,basic,4,1,,
n3_too_much_amaru,余,N3,MAGIC,ヨ,あま(る),too much,7,basic,4,1,,
n3_visit_otozureru,訪,N3,MAGIC,ホウ,おとず(れる),visit,11,basic,4,1,,
n3_cool_tsumetai,冷,N3,AQUA,レイ,つめ(たい),cool,7,basic|nature,4,1,,
n3_livelihood_kurasu,暮,N3,MAGIC,ボ,くら(す),livelihood,14,basic,4,1,,
n3_abdomen_hara,腹,N3,LIFE,フク,はら,abdomen,13,basic,4,2,,
n3_dangerous_abunai,危,N3,MAGIC,キ,あぶ(ない),dangerous,6,basic,4,2,,
n3_permit_yurusu,許,N3,MAGIC,キョ,ゆる(す),permit,11,basic,4,2,,
n3_becoming_niru,似,N3,MAGIC,ジ,に(る),becoming,7,basic,4,2,,
n3_precipitous_kewashii,険,N3,MAGIC,ケン,けわ(しい),precipitous,11,basic,4,2,,
n3_property_zai,財,N3,MAGIC,ザイ,-,property,10,basic,4,3,,
n3_play_asobu,遊,N3,MAGIC,ユウ,あそ(ぶ),play,12,basic,4,3,,
n3_miscellaneous_zatsu,雑,N3,MAGIC,ザツ,-,miscellaneous,14,basic,4,3,,
n3_fear_osoreru,恐,N3,MAGIC,キョウ,おそ(れる),fear,10,basic,4,3,,
n3_price_ne,値,N3,MAGIC,チ,ね,price,10,basic,4,3,,
n3_darkness_kurai,暗,N3,LIGHT,アン,くら(い),darkness,13,basic|time,5,1,,
n3_volume_tsumu,積,N3,MAGIC,セキ,つ(む),volume,16,basic,5,1,,
n3_dream_yume,夢,N3,MAGIC,ム,ゆめ,dream,13,basic,5,1,,
n3_pain_itai,痛,N3,MAGIC,ツウ,いた(い),pain,12,basic,5,1,,
n3_wealth_tomi,富,N3,METAL,フ,とみ,wealth,12,basic|wealth,5,1,,
n3_engrave_kizamu,刻,N3,MAGIC,コク,きざ(む),engrave,8,basic,5,2,,
n3_chirp_naku,鳴,N3,MAGIC,メイ,な(く),chirp,14,basic,5,2,,
n3_longing_hoshii,欲,N3,MAGIC,ヨク,ほ(しい),longing,11,basic,5,2,,
n3_route_to,途,N3,MAGIC,ト,-,route,10,basic,5,2,,
n3_bend_magaru,曲,N3,MAGIC,キョク,ま(がる),bend,6,basic,5,2,,
n3_ear_mimi,耳,N3,LIFE,ジ,みみ,ear,6,basic,5,3,,
n3_perfect_kan,完,N3,MAGIC,カン,-,perfect,7,basic,5,3,,
n3_petition_negau,願,N3,MAGIC,ガン,ねが(う),petition,19,basic,5,3,,
n3_guilt_tsumi,罪,N3,MAGIC,ザイ,つみ,guilt,13,basic,5,3,,
n3_sunshine_you,陽,N3,LIGHT,ヨウ,-,sunshine,12,basic|time,5,3,,
n3_deceased_naku,亡,N3,LIFE,ボウ,な(く),deceased,3,basic,6,1,,
n3_scatter_chiru,散,N3,MAGIC,サン,ち(る),scatter,12,basic,6,1,,
n3_hang_kakeru,掛,N3,MAGIC,カイ,か(ける),hang,11,basic,6,1,,
n3_yesterday_saku,昨,N3,CHRONO,サク,-,yesterday,9,basic|time,6,1,,
n3_angry_okoru,怒,N3,MAGIC,ド,おこ(る),angry,9,basic,6,1,,
n3_detain_tomeru,留,N3,MAGIC,リュウ,と(める),detain,10,basic,6,2,,
n3_salute_rei,礼,N3,MAGIC,レイ,-,salute,5,basic,6,2,,
n3_file_retsu,列,N3,MAGIC,レツ,-,file,6,basic,6,2,,
n3_snow_yuki,雪,N3,AQUA,セツ,ゆき,snow,11,basic|nature,6,2,,
n3_pay_harau,払,N3,MAGIC,フツ,はら(う),pay,5,basic,6,2,,
n3_salary_kyuu,給,N3,MAGIC,キュウ,-,salary,12,basic,6,3,,
n3_failure_yabureru,敗,N3,MAGIC,ハイ,やぶ(れる),failure,11,basic,6,3,,
n3_catch_toru,捕,N3,MAGIC,ホ,と(る),catch,10,basic,6,3,,
n3_forget_wasureru,忘,N3,MAGIC,ボウ,わす(れる),forget,7,basic,6,3,,
n3_clear_up_hareru,晴,N3,LIGHT,セイ,は(れる),clear up,12,basic|time,6,3,,
n3_cause_yoru,因,N3,MAGIC,イン,よ(る),cause,6,basic,7,1,,
n3_fold_oru,折,N3,MAGIC,セツ,お(る),fold,7,basic,7,1,,
n3_welcome_mukaeru,迎,N3,MAGIC,ゲイ,むか(える),welcome,7,basic,7,1,,
n3_grieve_kanashii,悲,N3,MAGIC,ヒ,かな(しい),grieve,12,basic,7,1,,
n3_harbor_minato,港,N3,AQUA,コウ,みなと,harbor,12,basic|nature,7,1,,
n3_blame_semeru,責,N3,MAGIC,セキ,せ(める),blame,11,basic,7,2,,
n3_exclude_nozoku,除,N3,MAGIC,ジョ,のぞ(く),exclude,10,basic,7,2,,
n3_quandary_komaru,困,N3,MAGIC,コン,こま(る),quandary,7,basic,7,2,,
n3_closed_tojiru,閉,N3,MAGIC,ヘイ,と(じる),closed,11,basic,7,2,,
n3_suck_suu,吸,N3,MAGIC,キュウ,す(う),suck,6,basic,7,2,,
n3_hair_kami,髪,N3,LIFE,ハツ,かみ,hair,14,basic,7,3,,
n3_bundle_taba,束,N3,MAGIC,ソク,たば,bundle,7,basic,7,3,,
n3_sleep_nemuru,眠,N3,MAGIC,ミン,ねむ(る),sleep,10,basic,7,3,,
n3_easy_yasui,易,N3,MAGIC,エキ,やす(い),easy,8,basic,7,3,,
n3_window_mado,窓,N3,MAGIC,ソウ,まど,window,11,basic,7,3,,
n3_ancestor_so,祖,N3,MAGIC,ソ,-,ancestor,9,basic,8,1,,
n3_diligence_tsutomeru,勤,N3,MAGIC,キン,つと(める),diligence,12,basic,8,1,,
n3_once_mukashi,昔,N3,CHRONO,セキ,むかし,once,8,basic|time,8,1,,
n3_convenience_tayori,便,N3,MAGIC,ベン,たよ(り),convenience,9,basic,8,1,,
n3_suitable_kanau,適,N3,MAGIC,テキ,かな(う),suitable,14,basic,8,1,,
n3_blow_fuku,吹,N3,MAGIC,スイ,ふ(く),blow,7,basic,8,2,,
n3_climate_sourou,候,N3,CHRONO,コウ,そうろ(う),climate,10,basic|time,8,2,,
n3_dreadful_kowai,怖,N3,MAGIC,フ,こわ(い),dreadful,8,basic,8,2,,
n3_resign_yameru,辞,N3,MAGIC,ジ,や(める),resign,13,basic,8,2,,
n3_negate_ina,否,N3,MAGIC,ヒ,いな,negate,7,basic,8,2,,
n3_slow_okureru,遅,N3,CHRONO,チ,おく(れる),slow,12,basic|time,8,3,,
n3_smoke_kemuri,煙,N3,FIRE,エン,けむり,smoke,13,basic|nature,8,3,,
n3_junior_ada,徒,N3,MAGIC,ト,あだ,junior,10,basic,8,3,,
n3_lack_kakeru,欠,N3,MAGIC,ケツ,か(ける),lack,4,basic,8,3,,
n3_astray_mayou,迷,N3,MAGIC,メイ,まよ(う),astray,9,basic,8,3,,
n3_wash_arau,洗,N3,AQUA,セン,あら(う),wash,9,basic|nature,9,1,,
n3_mutually_tagai,互,N3,MAGIC,ゴ,たが(い),mutually,4,basic,9,1,,
n3_genius_sai,才,N3,MAGIC,サイ,-,genius,3,basic,9,1,,
n3_grow_late_fukeru,更,N3,CHRONO,コウ,ふ(ける),grow late,7,basic|time,9,1,,
n3_tooth_ha,歯,N3,LIFE,シ,は,tooth,12,basic,9,1,,
n3_steal_nusumu,盗,N3,MAGIC,トウ,ぬす(む),steal,11,basic,9,2,,
n3_accustomed_nareru,慣,N3,MAGIC,カン,な(れる),accustomed,14,basic,9,2,,
n3_nightfall_ban,晩,N3,CHRONO,バン,-,nightfall,12,basic|time,9,2,,
n3_box_hako,箱,N3,MAGIC,ソウ,はこ,box,15,basic,9,2,,
n3_arrival_itaru,到,N3,MAGIC,トウ,いた(る),arrival,8,basic,9,2,,
n3_place_on_the_head_itadaki,頂,N3,MAGIC,チョウ,いただ(き),place on the head,11,basic,9,3,,
n3_cupful_sakazuki,杯,N3,MAGIC,ハイ,さかずき,cupful,8,basic,9,3,,
n3_all_mina,皆,N3,MAGIC,カイ,みな,all,9,basic,9,3,,
n3_beckon_maneku,招,N3,MAGIC,ショウ,まね(く),beckon,8,basic,9,3,,
n3_cold_samui,寒,N3,AQUA,カン,さむ(い),cold,12,basic|nature,9,3,,
n3_shame_hazukashii,恥,N3,MAGIC,チ,はずか(しい),shame,10,basic,10,1,,
n3_exhausted_tsukareru,疲,N3,MAGIC,ヒ,つか(れる),exhausted,10,basic,10,1,,
n3_poverty_mazushii,貧,N3,METAL,ヒン,まず(しい),poverty,11,basic|wealth,10,1,,
n3_cat_neko,猫,N3,LIFE,ビョウ,ねこ,cat,11,basic,10,1,,
n3_mistake_ayamaru,誤,N3,MAGIC,ゴ,あやま(る),mistake,14,basic,10,1,,
n3_toil_tsutomeru,努,N3,MAGIC,ド,つと(める),toil,7,basic,10,2,,
n3_how_many_iku,幾,N3,MAGIC,キ,いく,how many,12,basic,10,2,,
n3_approve_san,賛,N3,MAGIC,サン,-,approve,15,basic,10,2,,
n3_accidentally_tama,偶,N3,MAGIC,グウ,たま,accidentally,11,basic,10,2,,
n3_busy_isogashii,忙,N3,MAGIC,ボウ,いそが(しい),busy,6,basic,10,2,,
n3_swim_oyogu,泳,N3,AQUA,エイ,およ(ぐ),swim,8,basic|nature,10,3,,
n3_shoes_kutsu,靴,N3,MAGIC,カ,くつ,shoes,13,basic,10,3,,
n3_admirable_erai,偉,N3,MAGIC,イ,えら(い),admirable,12,basic,10,3,,
